condition,objective,seed,category,error_rate_pct,errors,ref_count,insertions
objective,standard,seed123,matra,22.269,1362,6116,410
objective,standard,seed123,nasal,23.16,214,924,96
objective,standard,seed123,virama,29.584,242,818,82
objective,standard,seed123,nukta,22.134,56,253,30
objective,standard,seed123,aspirated,17.465,215,1231,46
objective,standard,seed123,retroflex,10.522,123,1169,84
objective,standard,seed123,indep_vowel,24.452,223,912,45
objective,standard,seed123,_overall,16.217,3469,21391,
objective,standard,seed1234,matra,22.319,1365,6116,403
objective,standard,seed1234,nasal,28.139,260,924,64
objective,standard,seed1234,virama,32.763,268,818,77
objective,standard,seed1234,nukta,14.625,37,253,43
objective,standard,seed1234,aspirated,15.76,194,1231,66
objective,standard,seed1234,retroflex,11.035,129,1169,79
objective,standard,seed1234,indep_vowel,21.272,194,912,50
objective,standard,seed1234,_overall,16.498,3529,21391,
objective,standard,seed2025,matra,22.531,1378,6116,437
objective,standard,seed2025,nasal,28.139,260,924,57
objective,standard,seed2025,virama,29.462,241,818,108
objective,standard,seed2025,nukta,13.043,33,253,42
objective,standard,seed2025,aspirated,14.622,180,1231,60
objective,standard,seed2025,retroflex,10.607,124,1169,95
objective,standard,seed2025,indep_vowel,23.465,214,912,47
objective,standard,seed2025,_overall,16.021,3427,21391,
objective,standard,seed42,matra,22.188,1357,6116,402
objective,standard,seed42,nasal,23.377,216,924,93
objective,standard,seed42,virama,30.196,247,818,83
objective,standard,seed42,nukta,5.929,15,253,49
objective,standard,seed42,aspirated,12.673,156,1231,62
objective,standard,seed42,retroflex,10.009,117,1169,98
objective,standard,seed42,indep_vowel,21.93,200,912,52
objective,standard,seed42,_overall,15.773,3374,21391,
objective,standard,seed777,matra,21.975,1344,6116,511
objective,standard,seed777,nasal,25.0,231,924,100
objective,standard,seed777,virama,25.55,209,818,119
objective,standard,seed777,nukta,8.696,22,253,59
objective,standard,seed777,aspirated,16.734,206,1231,50
objective,standard,seed777,retroflex,11.377,133,1169,98
objective,standard,seed777,indep_vowel,24.013,219,912,43
objective,standard,seed777,_overall,15.829,3386,21391,
objective,focal,seed123,matra,23.578,1442,6116,371
objective,focal,seed123,nasal,25.866,239,924,74
objective,focal,seed123,virama,32.152,263,818,77
objective,focal,seed123,nukta,32.411,82,253,19
objective,focal,seed123,aspirated,16.166,199,1231,54
objective,focal,seed123,retroflex,10.95,128,1169,75
objective,focal,seed123,indep_vowel,25.329,231,912,38
objective,focal,seed123,_overall,17.531,3750,21391,
objective,focal,seed1234,matra,22.171,1356,6116,429
objective,focal,seed1234,nasal,28.571,264,924,86
objective,focal,seed1234,virama,35.941,294,818,71
objective,focal,seed1234,nukta,16.996,43,253,35
objective,focal,seed1234,aspirated,15.272,188,1231,74
objective,focal,seed1234,retroflex,10.522,123,1169,79
objective,focal,seed1234,indep_vowel,23.575,215,912,44
objective,focal,seed1234,_overall,16.699,3572,21391,
objective,focal,seed2025,matra,22.564,1380,6116,415
objective,focal,seed2025,nasal,27.489,254,924,66
objective,focal,seed2025,virama,28.117,230,818,109
objective,focal,seed2025,nukta,12.648,32,253,44
objective,focal,seed2025,aspirated,14.622,180,1231,85
objective,focal,seed2025,retroflex,10.864,127,1169,100
objective,focal,seed2025,indep_vowel,21.382,195,912,48
objective,focal,seed2025,_overall,16.404,3509,21391,
objective,focal,seed42,matra,22.515,1377,6116,445
objective,focal,seed42,nasal,25.433,235,924,67
objective,focal,seed42,virama,29.707,243,818,92
objective,focal,seed42,nukta,11.858,30,253,45
objective,focal,seed42,aspirated,14.054,173,1231,70
objective,focal,seed42,retroflex,10.351,121,1169,84
objective,focal,seed42,indep_vowel,21.82,199,912,72
objective,focal,seed42,_overall,15.983,3419,21391,
objective,focal,seed777,matra,23.054,1410,6116,401
objective,focal,seed777,nasal,26.515,245,924,88
objective,focal,seed777,virama,36.064,295,818,66
objective,focal,seed777,nukta,14.229,36,253,34
objective,focal,seed777,aspirated,13.485,166,1231,66
objective,focal,seed777,retroflex,11.463,134,1169,76
objective,focal,seed777,indep_vowel,24.232,221,912,70
objective,focal,seed777,_overall,16.848,3604,21391,
objective,matra,seed123,matra,22.629,1384,6116,411
objective,matra,seed123,nasal,27.489,254,924,70
objective,matra,seed123,virama,28.24,231,818,110
objective,matra,seed123,nukta,28.458,72,253,32
objective,matra,seed123,aspirated,14.297,176,1231,76
objective,matra,seed123,retroflex,11.377,133,1169,90
objective,matra,seed123,indep_vowel,21.711,198,912,42
objective,matra,seed123,_overall,16.47,3523,21391,
objective,matra,seed1234,matra,22.907,1401,6116,423
objective,matra,seed1234,nasal,28.247,261,924,66
objective,matra,seed1234,virama,29.34,240,818,110
objective,matra,seed1234,nukta,15.02,38,253,26
objective,matra,seed1234,aspirated,16.166,199,1231,80
objective,matra,seed1234,retroflex,9.666,113,1169,98
objective,matra,seed1234,indep_vowel,22.368,204,912,50
objective,matra,seed1234,_overall,16.68,3568,21391,
objective,matra,seed2025,matra,21.158,1294,6116,480
objective,matra,seed2025,nasal,26.299,243,924,92
objective,matra,seed2025,virama,27.628,226,818,108
objective,matra,seed2025,nukta,23.715,60,253,25
objective,matra,seed2025,aspirated,14.135,174,1231,60
objective,matra,seed2025,retroflex,10.351,121,1169,99
objective,matra,seed2025,indep_vowel,24.452,223,912,50
objective,matra,seed2025,_overall,15.768,3373,21391,
objective,matra,seed42,matra,21.91,1340,6116,458
objective,matra,seed42,nasal,22.727,210,924,110
objective,matra,seed42,virama,29.951,245,818,94
objective,matra,seed42,nukta,12.648,32,253,38
objective,matra,seed42,aspirated,16.003,197,1231,63
objective,matra,seed42,retroflex,10.693,125,1169,102
objective,matra,seed42,indep_vowel,21.162,193,912,62
objective,matra,seed42,_overall,15.796,3379,21391,
objective,matra,seed777,matra,22.94,1403,6116,526
objective,matra,seed777,nasal,26.082,241,924,82
objective,matra,seed777,virama,32.641,267,818,88
objective,matra,seed777,nukta,13.834,35,253,36
objective,matra,seed777,aspirated,15.191,187,1231,65
objective,matra,seed777,retroflex,10.265,120,1169,99
objective,matra,seed777,indep_vowel,23.575,215,912,60
objective,matra,seed777,_overall,16.549,3540,21391,
noaug,standard,seed123,matra,23.234,1421,6116,461
noaug,standard,seed123,nasal,26.623,246,924,78
noaug,standard,seed123,virama,32.763,268,818,111
noaug,standard,seed123,nukta,24.506,62,253,37
noaug,standard,seed123,aspirated,14.216,175,1231,59
noaug,standard,seed123,retroflex,12.404,145,1169,104
noaug,standard,seed123,indep_vowel,24.89,227,912,71
noaug,standard,seed123,_overall,17.302,3701,21391,
noaug,standard,seed1234,matra,21.37,1307,6116,532
noaug,standard,seed1234,nasal,26.082,241,924,91
noaug,standard,seed1234,virama,25.795,211,818,119
noaug,standard,seed1234,nukta,14.229,36,253,34
noaug,standard,seed1234,aspirated,14.216,175,1231,74
noaug,standard,seed1234,retroflex,11.292,132,1169,91
noaug,standard,seed1234,indep_vowel,24.342,222,912,40
noaug,standard,seed1234,_overall,16.161,3457,21391,
noaug,standard,seed2025,matra,22.498,1376,6116,447
noaug,standard,seed2025,nasal,26.19,242,924,75
noaug,standard,seed2025,virama,31.296,256,818,86
noaug,standard,seed2025,nukta,14.229,36,253,37
noaug,standard,seed2025,aspirated,14.947,184,1231,42
noaug,standard,seed2025,retroflex,11.548,135,1169,70
noaug,standard,seed2025,indep_vowel,25.11,229,912,45
noaug,standard,seed2025,_overall,17.119,3662,21391,
noaug,standard,seed42,matra,23.79,1455,6116,379
noaug,standard,seed42,nasal,26.84,248,924,82
noaug,standard,seed42,virama,31.418,257,818,74
noaug,standard,seed42,nukta,24.901,63,253,29
noaug,standard,seed42,aspirated,15.435,190,1231,49
noaug,standard,seed42,retroflex,11.377,133,1169,85
noaug,standard,seed42,indep_vowel,22.917,209,912,51
noaug,standard,seed42,_overall,17.073,3652,21391,
noaug,standard,seed777,matra,22.253,1361,6116,465
noaug,standard,seed777,nasal,23.918,221,924,86
noaug,standard,seed777,virama,30.44,249,818,102
noaug,standard,seed777,nukta,18.577,47,253,36
noaug,standard,seed777,aspirated,14.866,183,1231,48
noaug,standard,seed777,retroflex,12.062,141,1169,98
noaug,standard,seed777,indep_vowel,24.342,222,912,59
noaug,standard,seed777,_overall,16.6,3551,21391,
noaug,focal,seed123,matra,22.956,1404,6116,421
noaug,focal,seed123,nasal,25.433,235,924,74
noaug,focal,seed123,virama,31.785,260,818,83
noaug,focal,seed123,nukta,27.273,69,253,29
noaug,focal,seed123,aspirated,16.084,198,1231,59
noaug,focal,seed123,retroflex,11.463,134,1169,86
noaug,focal,seed123,indep_vowel,23.794,217,912,54
noaug,focal,seed123,_overall,17.414,3725,21391,
noaug,focal,seed1234,matra,21.714,1328,6116,538
noaug,focal,seed1234,nasal,25.758,238,924,96
noaug,focal,seed1234,virama,25.917,212,818,129
noaug,focal,seed1234,nukta,16.601,42,253,36
noaug,focal,seed1234,aspirated,14.46,178,1231,62
noaug,focal,seed1234,retroflex,11.206,131,1169,96
noaug,focal,seed1234,indep_vowel,24.781,226,912,51
noaug,focal,seed1234,_overall,15.815,3383,21391,
noaug,focal,seed2025,matra,24.215,1481,6116,438
noaug,focal,seed2025,nasal,28.463,263,924,76
noaug,focal,seed2025,virama,29.951,245,818,108
noaug,focal,seed2025,nukta,17.391,44,253,35
noaug,focal,seed2025,aspirated,16.166,199,1231,57
noaug,focal,seed2025,retroflex,11.463,134,1169,94
noaug,focal,seed2025,indep_vowel,25.548,233,912,55
noaug,focal,seed2025,_overall,17.75,3797,21391,
noaug,focal,seed42,matra,21.517,1316,6116,521
noaug,focal,seed42,nasal,26.299,243,924,103
noaug,focal,seed42,virama,28.973,237,818,123
noaug,focal,seed42,nukta,24.111,61,253,33
noaug,focal,seed42,aspirated,16.409,202,1231,63
noaug,focal,seed42,retroflex,10.778,126,1169,95
noaug,focal,seed42,indep_vowel,22.697,207,912,66
noaug,focal,seed42,_overall,16.259,3478,21391,
noaug,focal,seed777,matra,25.376,1552,6116,392
noaug,focal,seed777,nasal,25.974,240,924,77
noaug,focal,seed777,virama,32.885,269,818,81
noaug,focal,seed777,nukta,24.901,63,253,29
noaug,focal,seed777,aspirated,17.303,213,1231,50
noaug,focal,seed777,retroflex,12.917,151,1169,86
noaug,focal,seed777,indep_vowel,25.219,230,912,44
noaug,focal,seed777,_overall,18.98,4060,21391,
noaug,matra,seed123,matra,22.204,1358,6116,512
noaug,matra,seed123,nasal,26.948,249,924,98
noaug,matra,seed123,virama,31.174,255,818,101
noaug,matra,seed123,nukta,13.439,34,253,35
noaug,matra,seed123,aspirated,14.866,183,1231,69
noaug,matra,seed123,retroflex,11.634,136,1169,86
noaug,matra,seed123,indep_vowel,24.232,221,912,50
noaug,matra,seed123,_overall,16.633,3558,21391,
noaug,matra,seed1234,matra,21.942,1342,6116,506
noaug,matra,seed1234,nasal,25.108,232,924,116
noaug,matra,seed1234,virama,30.807,252,818,89
noaug,matra,seed1234,nukta,22.925,58,253,28
noaug,matra,seed1234,aspirated,12.104,149,1231,71
noaug,matra,seed1234,retroflex,12.147,142,1169,89
noaug,matra,seed1234,indep_vowel,22.149,202,912,59
noaug,matra,seed1234,_overall,16.385,3505,21391,
noaug,matra,seed2025,matra,22.319,1365,6116,472
noaug,matra,seed2025,nasal,27.922,258,924,79
noaug,matra,seed2025,virama,29.951,245,818,102
noaug,matra,seed2025,nukta,14.229,36,253,35
noaug,matra,seed2025,aspirated,13.647,168,1231,60
noaug,matra,seed2025,retroflex,11.805,138,1169,91
noaug,matra,seed2025,indep_vowel,23.794,217,912,54
noaug,matra,seed2025,_overall,16.577,3546,21391,
noaug,matra,seed42,matra,24.084,1473,6116,372
noaug,matra,seed42,nasal,32.359,299,924,78
noaug,matra,seed42,virama,33.13,271,818,92
noaug,matra,seed42,nukta,24.506,62,253,26
noaug,matra,seed42,aspirated,14.216,175,1231,56
noaug,matra,seed42,retroflex,11.719,137,1169,92
noaug,matra,seed42,indep_vowel,24.781,226,912,43
noaug,matra,seed42,_overall,17.835,3815,21391,
noaug,matra,seed777,matra,23.332,1427,6116,421
noaug,matra,seed777,nasal,27.381,253,924,85
noaug,matra,seed777,virama,31.54,258,818,93
noaug,matra,seed777,nukta,20.949,53,253,27
noaug,matra,seed777,aspirated,17.222,212,1231,51
noaug,matra,seed777,retroflex,11.121,130,1169,74
noaug,matra,seed777,indep_vowel,25.11,229,912,46
noaug,matra,seed777,_overall,17.447,3732,21391,
